cca3,language,gender,demonym
JAM,eng,f,Jamaican
JAM,eng,m,Jamaican
JAM,fra,f,Jamaïcaine
JAM,fra,m,Jamaïcain
COM,eng,f,Comoran
COM,eng,m,Comoran
COM,fra,f,Comorienne
COM,fra,m,Comorien
ZWE,eng,f,Zimbabwean
ZWE,eng,m,Zimbabwean
ZWE,fra,f,Zimbabwéenne
ZWE,fra,m,Zimbabwéen
SXM,eng,f,St. Maartener
SXM,eng,m,St. Maartener
SXM,fra,f,Saint-Martinoise
SXM,fra,m,Saint-Martinois
LAO,eng,f,Laotian
LAO,eng,m,Laotian
LAO,fra,f,Laotienne
LAO,fra,m,Laotien
LVA,eng,f,Latvian
LVA,eng,m,Latvian
LVA,fra,f,Lettone
LVA,fra,m,Letton
TJK,eng,f,Tadzhik
TJK,eng,m,Tadzhik
TJK,fra,f,Tadjike
TJK,fra,m,Tadjike
GBR,eng,f,British
GBR,eng,m,British
GBR,fra,f,Britannique
GBR,fra,m,Britannique
NIC,eng,f,Nicaraguan
NIC,eng,m,Nicaraguan
NIC,fra,f,Nicaraguayenne
NIC,fra,m,Nicaraguayen
SDN,eng,f,Sudanese
SDN,eng,m,Sudanese
SDN,fra,f,Soudanaise
SDN,fra,m,Soudanais
GRC,eng,f,Greek
GRC,eng,m,Greek
GRC,fra,f,Grecque
GRC,fra,m,Grec
LTU,eng,f,Lithuanian
LTU,eng,m,Lithuanian
LTU,fra,f,Lituanienne
LTU,fra,m,Lituanien
RWA,eng,f,Rwandan
RWA,eng,m,Rwandan
RWA,fra,f,Rwandaise
RWA,fra,m,Rwandais
SEN,eng,f,Senegalese
SEN,eng,m,Senegalese
SEN,fra,f,Sénégalaise
SEN,fra,m,Sénégalais
MCO,eng,f,Monegasque
MCO,eng,m,Monegasque
MCO,fra,f,Monégasque
MCO,fra,m,Monégasque
LSO,eng,f,Mosotho
LSO,eng,m,Mosotho
LSO,fra,f,Lésothienne
LSO,fra,m,Lésothien
TUN,eng,f,Tunisian
TUN,eng,m,Tunisian
TUN,fra,f,Tunisienne
TUN,fra,m,Tunisien
VUT,eng,f,Ni-Vanuatu
VUT,eng,m,Ni-Vanuatu
VUT,fra,f,Vanuatuane
VUT,fra,m,Vanuatuan
ECU,eng,f,Ecuadorean
ECU,eng,m,Ecuadorean
ECU,fra,f,Équatorienne
ECU,fra,m,Équatorien
KWT,eng,f,Kuwaiti
KWT,eng,m,Kuwaiti
KWT,fra,f,Koweïtienne
KWT,fra,m,Koweïtien
PHL,eng,f,Filipino
PHL,eng,m,Filipino
PHL,fra,f,Philippine
PHL,fra,m,Philippin
CHL,eng,f,Chilean
CHL,eng,m,Chilean
CHL,fra,f,Chilienne
CHL,fra,m,Chilien
BHS,eng,f,Bahamian
BHS,eng,m,Bahamian
BHS,fra,f,Bahamienne
BHS,fra,m,Bahamien
TZA,eng,f,Tanzanian
TZA,eng,m,Tanzanian
TZA,fra,f,Tanzanienne
TZA,fra,m,Tanzanien
CRI,eng,f,Costa Rican
CRI,eng,m,Costa Rican
CRI,fra,f,Costaricaine
CRI,fra,m,Costaricain
MAR,eng,f,Moroccan
MAR,eng,m,Moroccan
MAR,fra,f,Marocaine
MAR,fra,m,Marocain
MNE,eng,f,Montenegrin
MNE,eng,m,Montenegrin
MNE,fra,f,Monténégrine
MNE,fra,m,Monténégrin
FSM,eng,f,Micronesian
FSM,eng,m,Micronesian
FSM,fra,f,Micronésienne
FSM,fra,m,Micronésien
PRT,eng,f,Portuguese
PRT,eng,m,Portuguese
PRT,fra,f,Portugaise
PRT,fra,m,Portugais
ARE,eng,f,Emirati
ARE,eng,m,Emirati
ARE,fra,f,Emirienne
ARE,fra,m,Emirien
LBY,eng,f,Libyan
LBY,eng,m,Libyan
LBY,fra,f,Libyenne
LBY,fra,m,Libyen
LUX,eng,f,Luxembourger
LUX,eng,m,Luxembourger
LUX,fra,f,Luxembourgeoise
LUX,fra,m,Luxembourgeois
JEY,eng,f,Channel Islander
JEY,eng,m,Channel Islander
JEY,fra,f,Jersiaise
JEY,fra,m,Jersiais
SLB,eng,f,Solomon Islander
SLB,eng,m,Solomon Islander
SLB,fra,f,Salomonienne
SLB,fra,m,Salomonien
DZA,eng,f,Algerian
DZA,eng,m,Algerian
DZA,fra,f,Algérienne
DZA,fra,m,Algérien
ATG,eng,f,"Antiguan, Barbudan"
ATG,eng,m,"Antiguan, Barbudan"
ATG,fra,f,Antiguaise et barbudienne
ATG,fra,m,Antiguaise et barbudien
SHN,eng,f,Saint Helenian
SHN,eng,m,Saint Helenian
SHN,fra,f,Sainte-Hélénoise
SHN,fra,m,Sainte-Hélènois
BRA,eng,f,Brazilian
BRA,eng,m,Brazilian
BRA,fra,f,Brésilienne
BRA,fra,m,Brésilien
SGS,eng,f,South Georgian South Sandwich Islander
SGS,eng,m,South Georgian South Sandwich Islander
SGS,fra,f,
SGS,fra,m,
MLI,eng,f,Malian
MLI,eng,m,Malian
MLI,fra,f,Malienne
MLI,fra,m,Malien
PAK,eng,f,Pakistani
PAK,eng,m,Pakistani
PAK,fra,f,Pakistanaise
PAK,fra,m,Pakistanais
TTO,eng,f,Trinidadian
TTO,eng,m,Trinidadian
TTO,fra,f,Trinidadienne
TTO,fra,m,Trinidadien
ARM,eng,f,Armenian
ARM,eng,m,Armenian
ARM,fra,f,Arménienne
ARM,fra,m,Arménien
BGD,eng,f,Bangladeshi
BGD,eng,m,Bangladeshi
BGD,fra,f,Bangladaise
BGD,fra,m,Bangladais
TCA,eng,f,Turks and Caicos Islander
TCA,eng,m,Turks and Caicos Islander
TCA,fra,f,
TCA,fra,m,
TKM,eng,f,Turkmen
TKM,eng,m,Turkmen
TKM,fra,f,Turkmène
TKM,fra,m,Turkmène
FRO,eng,f,Faroese
FRO,eng,m,Faroese
FRO,fra,f,Féroïenne
FRO,fra,m,Féroïen
PLW,eng,f,Palauan
PLW,eng,m,Palauan
PLW,fra,f,Paluane
PLW,fra,m,Paluan
CUB,eng,f,Cuban
CUB,eng,m,Cuban
CUB,fra,f,Cubaine
CUB,fra,m,Cubain
TCD,eng,f,Chadian
TCD,eng,m,Chadian
TCD,fra,f,Tchadienne
TCD,fra,m,Tchadien
BIH,eng,f,"Bosnian, Herzegovinian"
BIH,eng,m,"Bosnian, Herzegovinian"
BIH,fra,f,Bosnienne
BIH,fra,m,Bosnien
BWA,eng,f,Motswana
BWA,eng,m,Motswana
BWA,fra,f,Botswanaise
BWA,fra,m,Botswanais
EST,eng,f,Estonian
EST,eng,m,Estonian
EST,fra,f,Estonienne
EST,fra,m,Estonien
IOT,eng,f,Indian
IOT,eng,m,Indian
IOT,fra,f,
IOT,fra,m,
ATF,eng,f,French
ATF,eng,m,French
ATF,fra,f,Française
ATF,fra,m,Français
GRL,eng,f,Greenlandic
GRL,eng,m,Greenlandic
GRL,fra,f,Groenlandaise
GRL,fra,m,Groenlandais
CXR,eng,f,Christmas Islander
CXR,eng,m,Christmas Islander
CXR,fra,f,
CXR,fra,m,
PCN,eng,f,Pitcairn Islander
PCN,eng,m,Pitcairn Islander
PCN,fra,f,Pitcairnaise
PCN,fra,m,Pitcairnais
ESH,eng,f,Sahrawi
ESH,eng,m,Sahrawi
ESH,fra,f,
ESH,fra,m,
MSR,eng,f,Montserratian
MSR,eng,m,Montserratian
MSR,fra,f,Montserratienne
MSR,fra,m,Montserratien
BHR,eng,f,Bahraini
BHR,eng,m,Bahraini
BHR,fra,f,Bahreïnienne
BHR,fra,m,Bahreïnien
DOM,eng,f,Dominican
DOM,eng,m,Dominican
DOM,fra,f,Dominicaine
DOM,fra,m,Dominicain
USA,eng,f,American
USA,eng,m,American
USA,fra,f,Américaine
USA,fra,m,Américain
COK,eng,f,Cook Islander
COK,eng,m,Cook Islander
COK,fra,f,Cookienne
COK,fra,m,Cookien
COL,eng,f,Colombian
COL,eng,m,Colombian
COL,fra,f,Colombienne
COL,fra,m,Colombien
GIN,eng,f,Guinean
GIN,eng,m,Guinean
GIN,fra,f,Guinéenne
GIN,fra,m,Guinéen
IRL,eng,f,Irish
IRL,eng,m,Irish
IRL,fra,f,Irlandaise
IRL,fra,m,Irlandais
MDV,eng,f,Maldivan
MDV,eng,m,Maldivan
MDV,fra,f,Maldivienne
MDV,fra,m,Maldivien
PAN,eng,f,Panamanian
PAN,eng,m,Panamanian
PAN,fra,f,Panaméenne
PAN,fra,m,Panaméen
MOZ,eng,f,Mozambican
MOZ,eng,m,Mozambican
MOZ,fra,f,Mozambicaine
MOZ,fra,m,Mozambicain
OMN,eng,f,Omani
OMN,eng,m,Omani
OMN,fra,f,Omanaise
OMN,fra,m,Omanais
CZE,eng,f,Czech
CZE,eng,m,Czech
CZE,fra,f,Tchèque
CZE,fra,m,Tchèque
HMD,eng,f,Heard and McDonald Islander
HMD,eng,m,Heard and McDonald Islander
HMD,fra,f,
HMD,fra,m,
VCT,eng,f,Saint Vincentian
VCT,eng,m,Saint Vincentian
VCT,fra,f,Vincentaise
VCT,fra,m,Vincentais
HTI,eng,f,Haitian
HTI,eng,m,Haitian
HTI,fra,f,Haïtienne
HTI,fra,m,Haïtien
NGA,eng,f,Nigerian
NGA,eng,m,Nigerian
NGA,fra,f,Nigériane
NGA,fra,m,Nigérian
VGB,eng,f,Virgin Islander
VGB,eng,m,Virgin Islander
VGB,fra,f,
VGB,fra,m,
NAM,eng,f,Namibian
NAM,eng,m,Namibian
NAM,fra,f,Namibienne
NAM,fra,m,Namibien
DMA,eng,f,Dominican
DMA,eng,m,Dominican
DMA,fra,f,Dominiquaise
DMA,fra,m,Dominiquais
CAN,eng,f,Canadian
CAN,eng,m,Canadian
CAN,fra,f,Canadienne
CAN,fra,m,Canadien
GGY,eng,f,Channel Islander
GGY,eng,m,Channel Islander
GGY,fra,f,Guernesiaise
GGY,fra,m,Guernesiais
NER,eng,f,Nigerien
NER,eng,m,Nigerien
NER,fra,f,Nigérienne
NER,fra,m,Nigérien
IDN,eng,f,Indonesian
IDN,eng,m,Indonesian
IDN,fra,f,Indonésienne
IDN,fra,m,Indonésien
YEM,eng,f,Yemeni
YEM,eng,m,Yemeni
YEM,fra,f,Yéménite
YEM,fra,m,Yéménite
PSE,eng,f,Palestinian
PSE,eng,m,Palestinian
PSE,fra,f,Palestinienne
PSE,fra,m,Palestinien
GAB,eng,f,Gabonese
GAB,eng,m,Gabonese
GAB,fra,f,Gabonaise
GAB,fra,m,Gabonais
ERI,eng,f,Eritrean
ERI,eng,m,Eritrean
ERI,fra,f,Érythréenne
ERI,fra,m,Érythréen
CYP,eng,f,Cypriot
CYP,eng,m,Cypriot
CYP,fra,f,Chypriote
CYP,fra,m,Chypriote
HKG,eng,f,Hong Konger
HKG,eng,m,Hong Konger
HKG,fra,f,Hongkongaise
HKG,fra,m,Hongkongais
BVT,eng,f,
BVT,eng,m,
BVT,fra,f,
BVT,fra,m,
SVK,eng,f,Slovak
SVK,eng,m,Slovak
SVK,fra,f,Slovaque
SVK,fra,m,Slovaque
SVN,eng,f,Slovene
SVN,eng,m,Slovene
SVN,fra,f,Slovène
SVN,fra,m,Slovène
NIU,eng,f,Niuean
NIU,eng,m,Niuean
NIU,fra,f,Niuéenne
NIU,fra,m,Niuéen
KIR,eng,f,I-Kiribati
KIR,eng,m,I-Kiribati
KIR,fra,f,Kiribatienne
KIR,fra,m,Kiribatien
DEU,eng,f,German
DEU,eng,m,German
DEU,fra,f,Allemande
DEU,fra,m,Allemand
UNK,eng,f,Kosovar
UNK,eng,m,Kosovar
UNK,fra,f,Kosovare
UNK,fra,m,Kosovar
CIV,eng,f,Ivorian
CIV,eng,m,Ivorian
CIV,fra,f,Ivoirienne
CIV,fra,m,Ivoirien
LKA,eng,f,Sri Lankan
LKA,eng,m,Sri Lankan
LKA,fra,f,Sri-lankaise
LKA,fra,m,Sri-lankais
MAF,eng,f,Saint Martin Islander
MAF,eng,m,Saint Martin Islander
MAF,fra,f,Saint-Martinoise
MAF,fra,m,Saint-Martinois
BEL,eng,f,Belgian
BEL,eng,m,Belgian
BEL,fra,f,Belge
BEL,fra,m,Belge
ISR,eng,f,Israeli
ISR,eng,m,Israeli
ISR,fra,f,Israélienne
ISR,fra,m,Israélien
ALA,eng,f,Ålandish
ALA,eng,m,Ålandish
ALA,fra,f,Ålandaise
ALA,fra,m,Ålandais
MNP,eng,f,American
MNP,eng,m,American
MNP,fra,f,Américaine
MNP,fra,m,Américan
DNK,eng,f,Danish
DNK,eng,m,Danish
DNK,fra,f,Danoise
DNK,fra,m,Danois
BMU,eng,f,Bermudian
BMU,eng,m,Bermudian
BMU,fra,f,Bermudienne
BMU,fra,m,Bermudien
GIB,eng,f,Gibraltar
GIB,eng,m,Gibraltar
GIB,fra,f,Gibraltarienne
GIB,fra,m,Gibraltarien
SYR,eng,f,Syrian
SYR,eng,m,Syrian
SYR,fra,f,Syrienne
SYR,fra,m,Syrien
TLS,eng,f,East Timorese
TLS,eng,m,East Timorese
TLS,fra,f,Est-timoraise
TLS,fra,m,Est-timorais
SMR,eng,f,Sammarinese
SMR,eng,m,Sammarinese
SMR,fra,f,Saint-Marinaise
SMR,fra,m,Saint-Marinais
GMB,eng,f,Gambian
GMB,eng,m,Gambian
GMB,fra,f,Gambienne
GMB,fra,m,Gambien
PER,eng,f,Peruvian
PER,eng,m,Peruvian
PER,fra,f,Péruvienne
PER,fra,m,Péruvien
GNB,eng,f,Guinea-Bissauan
GNB,eng,m,Guinea-Bissauan
GNB,fra,f,Bissau-Guinéenne
GNB,fra,m,Bissau-Guinéen
SLE,eng,f,Sierra Leonean
SLE,eng,m,Sierra Leonean
SLE,fra,f,Sierra-leonaise
SLE,fra,m,Sierra-leonais
TUR,eng,f,Turkish
TUR,eng,m,Turkish
TUR,fra,f,Turque
TUR,fra,m,Turc
BOL,eng,f,Bolivian
BOL,eng,m,Bolivian
BOL,fra,f,Bolivienne
BOL,fra,m,Bolivien
NOR,eng,f,Norwegian
NOR,eng,m,Norwegian
NOR,fra,f,Norvégienne
NOR,fra,m,Norvégien
COG,eng,f,Congolese
COG,eng,m,Congolese
COG,fra,f,Congolaise
COG,fra,m,Congolais
SWZ,eng,f,Swazi
SWZ,eng,m,Swazi
SWZ,fra,f,Swazie
SWZ,fra,m,Swazie
PRY,eng,f,Paraguayan
PRY,eng,m,Paraguayan
PRY,fra,f,Paraguayenne
PRY,fra,m,Paraguayen
UKR,eng,f,Ukrainian
UKR,eng,m,Ukrainian
UKR,fra,f,Ukrainienne
UKR,fra,m,Ukrainien
MYS,eng,f,Malaysian
MYS,eng,m,Malaysian
MYS,fra,f,Malaisienne
MYS,fra,m,Malaisien
TON,eng,f,Tongan
TON,eng,m,Tongan
TON,fra,f,Tonguienne
TON,fra,m,Tonguien
BEN,eng,f,Beninese
BEN,eng,m,Beninese
BEN,fra,f,Béninoise
BEN,fra,m,Béninois
SWE,eng,f,Swedish
SWE,eng,m,Swedish
SWE,fra,f,Suédoise
SWE,fra,m,Suédois
TUV,eng,f,Tuvaluan
TUV,eng,m,Tuvaluan
TUV,fra,f,Tuvaluane
TUV,fra,m,Tuvaluan
MNG,eng,f,Mongolian
MNG,eng,m,Mongolian
MNG,fra,f,Mongole
MNG,fra,m,Mongol
ZAF,eng,f,South African
ZAF,eng,m,South African
ZAF,fra,f,Sud-africaine
ZAF,fra,m,Sud-africain
CUW,eng,f,Curaçaoan
CUW,eng,m,Curaçaoan
CUW,fra,f,Curacienne
CUW,fra,m,Curacien
AUS,eng,f,Australian
AUS,eng,m,Australian
AUS,fra,f,Australienne
AUS,fra,m,Australien
KNA,eng,f,Kittitian or Nevisian
KNA,eng,m,Kittitian or Nevisian
KNA,fra,f,Kittitienne-et-nevicienne
KNA,fra,m,Kittitien-et-nevicien
GHA,eng,f,Ghanaian
GHA,eng,m,Ghanaian
GHA,fra,f,Ghanéenne
GHA,fra,m,Ghanéen
IRQ,eng,f,Iraqi
IRQ,eng,m,Iraqi
IRQ,fra,f,Irakienne
IRQ,fra,m,Irakien
VNM,eng,f,Vietnamese
VNM,eng,m,Vietnamese
VNM,fra,f,Vietnamienne
VNM,fra,m,Vietnamien
GUY,eng,f,Guyanese
GUY,eng,m,Guyanese
GUY,fra,f,Guyanienne
GUY,fra,m,Guyanien
AZE,eng,f,Azerbaijani
AZE,eng,m,Azerbaijani
AZE,fra,f,Azerbaïdjanaise
AZE,fra,m,Azerbaïdjanais
CMR,eng,f,Cameroonian
CMR,eng,m,Cameroonian
CMR,fra,f,Camerounaise
CMR,fra,m,Camerounais
EGY,eng,f,Egyptian
EGY,eng,m,Egyptian
EGY,fra,f,Égyptienne
EGY,fra,m,Égyptien
ISL,eng,f,Icelander
ISL,eng,m,Icelander
ISL,fra,f,Islandaise
ISL,fra,m,Islandais
VEN,eng,f,Venezuelan
VEN,eng,m,Venezuelan
VEN,fra,f,Vénézuélienne
VEN,fra,m,Vénézuélien
BRB,eng,f,Barbadian
BRB,eng,m,Barbadian
BRB,fra,f,Barbadienne
BRB,fra,m,Barbadien
FLK,eng,f,Falkland Islander
FLK,eng,m,Falkland Islander
FLK,fra,f,Malouinne
FLK,fra,m,Malouin
MWI,eng,f,Malawian
MWI,eng,m,Malawian
MWI,fra,f,Malawienne
MWI,fra,m,Malawien
KGZ,eng,f,Kirghiz
KGZ,eng,m,Kirghiz
KGZ,fra,f,Kirghize
KGZ,fra,m,Kirghize
TWN,eng,f,Taiwanese
TWN,eng,m,Taiwanese
TWN,fra,f,Taïwanaise
TWN,fra,m,Taïwanais
BGR,eng,f,Bulgarian
BGR,eng,m,Bulgarian
BGR,fra,f,Bulgare
BGR,fra,m,Bulgare
PRK,eng,f,North Korean
PRK,eng,m,North Korean
PRK,fra,f,Nord-coréenne
PRK,fra,m,Nord-coréen
AND,eng,f,Andorran
AND,eng,m,Andorran
AND,fra,f,Andorrane
AND,fra,m,Andorran
AGO,eng,f,Angolan
AGO,eng,m,Angolan
AGO,fra,f,Angolaise
AGO,fra,m,Angolais
BLM,eng,f,Saint Barthélemy Islander
BLM,eng,m,Saint Barthélemy Islander
BLM,fra,f,Barthéloméenne
BLM,fra,m,Barthéloméen
RUS,eng,f,Russian
RUS,eng,m,Russian
RUS,fra,f,Russe
RUS,fra,m,Russe
BFA,eng,f,Burkinabe
BFA,eng,m,Burkinabe
BFA,fra,f,Burkinabée
BFA,fra,m,Burkinabé
VAT,eng,f,Vatican
VAT,eng,m,Vatican
VAT,fra,f,Vaticane
VAT,fra,m,Vatican
IMN,eng,f,Manx
IMN,eng,m,Manx
IMN,fra,f,
IMN,fra,m,
AFG,eng,f,Afghan
AFG,eng,m,Afghan
AFG,fra,f,Afghane
AFG,fra,m,Afghan
HRV,eng,f,Croatian
HRV,eng,m,Croatian
HRV,fra,f,Croate
HRV,fra,m,Croate
BTN,eng,f,Bhutanese
BTN,eng,m,Bhutanese
BTN,fra,f,Bhoutanaise
BTN,fra,m,Bhoutanais
BLR,eng,f,Belarusian
BLR,eng,m,Belarusian
BLR,fra,f,Biélorusse
BLR,fra,m,Biélorusse
CCK,eng,f,Cocos Islander
CCK,eng,m,Cocos Islander
CCK,fra,f,
CCK,fra,m,
NZL,eng,f,New Zealander
NZL,eng,m,New Zealander
NZL,fra,f,Neo-Zélandaise
NZL,fra,m,Neo-Zélandais
MDG,eng,f,Malagasy
MDG,eng,m,Malagasy
MDG,fra,f,Malgache
MDG,fra,m,Malgache
THA,eng,f,Thai
THA,eng,m,Thai
THA,fra,f,Thaïlandaise
THA,fra,m,Thaïlandais
GEO,eng,f,Georgian
GEO,eng,m,Georgian
GEO,fra,f,Géorgienne
GEO,fra,m,Géorgien
IND,eng,f,Indian
IND,eng,m,Indian
IND,fra,f,Indienne
IND,fra,m,Indien
CHN,eng,f,Chinese
CHN,eng,m,Chinese
CHN,fra,f,Chinoise
CHN,fra,m,Chinois
SPM,eng,f,"Saint-Pierrais, Miquelonnais"
SPM,eng,m,"Saint-Pierrais, Miquelonnais"
SPM,fra,f,"Saint-Pierraise, Miquelonaise"
SPM,fra,m,"Saint-Pierrais, Miquelonais"
PRI,eng,f,Puerto Rican
PRI,eng,m,Puerto Rican
PRI,fra,f,Portoricaine
PRI,fra,m,Portoricain
DJI,eng,f,Djibouti
DJI,eng,m,Djibouti
DJI,fra,f,Djiboutienne
DJI,fra,m,Djiboutien
SAU,eng,f,Saudi Arabian
SAU,eng,m,Saudi Arabian
SAU,fra,f,Saoudienne
SAU,fra,m,Saoudien
IRN,eng,f,Iranian
IRN,eng,m,Iranian
IRN,fra,f,Iranienne
IRN,fra,m,Iranien
ZMB,eng,f,Zambian
ZMB,eng,m,Zambian
ZMB,fra,f,Zambienne
ZMB,fra,m,Zambien
ETH,eng,f,Ethiopian
ETH,eng,m,Ethiopian
ETH,fra,f,Éthiopienne
ETH,fra,m,Éthiopien
MAC,eng,f,Macanese
MAC,eng,m,Macanese
MAC,fra,f,Macanaise
MAC,fra,m,Macanais
GTM,eng,f,Guatemalan
GTM,eng,m,Guatemalan
GTM,fra,f,Guatémaltèque
GTM,fra,m,Guatémaltèque
MTQ,eng,f,Martinican
MTQ,eng,m,Martinican
MTQ,fra,f,Martiniquaise
MTQ,fra,m,Martiniquais
SUR,eng,f,Surinamer
SUR,eng,m,Surinamer
SUR,fra,f,Surinamaise
SUR,fra,m,Surinamais
URY,eng,f,Uruguayan
URY,eng,m,Uruguayan
URY,fra,f,Uruguayenne
URY,fra,m,Uruguayen
ITA,eng,f,Italian
ITA,eng,m,Italian
ITA,fra,f,Italienne
ITA,fra,m,Italien
NCL,eng,f,New Caledonian
NCL,eng,m,New Caledonian
NCL,fra,f,Néo-Calédonienne
NCL,fra,m,Néo-Calédonien
FJI,eng,f,Fijian
FJI,eng,m,Fijian
FJI,fra,f,Fidjienne
FJI,fra,m,Fidjien
ABW,eng,f,Aruban
ABW,eng,m,Aruban
ABW,fra,f,Arubaise
ABW,fra,m,Arubais
STP,eng,f,Sao Tomean
STP,eng,m,Sao Tomean
STP,fra,f,Santoméenne
STP,fra,m,Santoméen
CHE,eng,f,Swiss
CHE,eng,m,Swiss
CHE,fra,f,Suisse
CHE,fra,m,Suisse
COD,eng,f,Congolese
COD,eng,m,Congolese
COD,fra,f,Congolaise
COD,fra,m,Congolais
FIN,eng,f,Finnish
FIN,eng,m,Finnish
FIN,fra,f,Finlandaise
FIN,fra,m,Finlandais
MLT,eng,f,Maltese
MLT,eng,m,Maltese
MLT,fra,f,Maltaise
MLT,fra,m,Maltais
SLV,eng,f,Salvadoran
SLV,eng,m,Salvadoran
SLV,fra,f,Salvadorienne
SLV,fra,m,Salvadorien
JOR,eng,f,Jordanian
JOR,eng,m,Jordanian
JOR,fra,f,Jordanienne
JOR,fra,m,Jordanien
TKL,eng,f,Tokelauan
TKL,eng,m,Tokelauan
TKL,fra,f,
TKL,fra,m,
NRU,eng,f,Nauruan
NRU,eng,m,Nauruan
NRU,fra,f,Nauruane
NRU,fra,m,Nauruan
POL,eng,f,Polish
POL,eng,m,Polish
POL,fra,f,Polonaise
POL,fra,m,Polonais
MRT,eng,f,Mauritanian
MRT,eng,m,Mauritanian
MRT,fra,f,Mauritanienne
MRT,fra,m,Mauritanien
WLF,eng,f,Wallis and Futuna Islander
WLF,eng,m,Wallis and Futuna Islander
WLF,fra,f,
WLF,fra,m,
ATA,eng,f,Antarctican
ATA,eng,m,Antarctican
ATA,fra,f,Antarcticaine
ATA,fra,m,Antarcticain
GUM,eng,f,Guamanian
GUM,eng,m,Guamanian
GUM,fra,f,
GUM,fra,m,
MKD,eng,f,Macedonian
MKD,eng,m,Macedonian
MKD,fra,f,Macédonienne
MKD,fra,m,Macédonien
TGO,eng,f,Togolese
TGO,eng,m,Togolese
TGO,fra,f,Togolaise
TGO,fra,m,Togolais
MMR,eng,f,Burmese
MMR,eng,m,Burmese
MMR,fra,f,Birmane
MMR,fra,m,Birman
QAT,eng,f,Qatari
QAT,eng,m,Qatari
QAT,fra,f,Qatarienne
QAT,fra,m,Qatarien
FRA,eng,f,French
FRA,eng,m,French
FRA,fra,f,Française
FRA,fra,m,Français
MYT,eng,f,Mahoran
MYT,eng,m,Mahoran
MYT,fra,f,Mahoraise
MYT,fra,m,Mahorais
NFK,eng,f,Norfolk Islander
NFK,eng,m,Norfolk Islander
NFK,fra,f,Norfolkaise
NFK,fra,m,Norfolkais
SYC,eng,f,Seychellois
SYC,eng,m,Seychellois
SYC,fra,f,Seychelloise
SYC,fra,m,Seychellois
MDA,eng,f,Moldovan
MDA,eng,m,Moldovan
MDA,fra,f,Moldave
MDA,fra,m,Moldave
SSD,eng,f,South Sudanese
SSD,eng,m,South Sudanese
SSD,fra,f,Sud-Soudanaise
SSD,fra,m,Sud-Soudanais
BRN,eng,f,Bruneian
BRN,eng,m,Bruneian
BRN,fra,f,Brunéienne
BRN,fra,m,Brunéien
JPN,eng,f,Japanese
JPN,eng,m,Japanese
JPN,fra,f,Japonaise
JPN,fra,m,Japonais
GRD,eng,f,Grenadian
GRD,eng,m,Grenadian
GRD,fra,f,Grenadienne
GRD,fra,m,Grenadien
ESP,eng,f,Spanish
ESP,eng,m,Spanish
ESP,fra,f,Espagnole
ESP,fra,m,Espagnol
BES,eng,f,Dutch
BES,eng,m,Dutch
BES,fra,f,Néerlandaise
BES,fra,m,Néerlandais
PNG,eng,f,Papua New Guinean
PNG,eng,m,Papua New Guinean
PNG,fra,f,Papouasienne
PNG,fra,m,Papouasien
UZB,eng,f,Uzbekistani
UZB,eng,m,Uzbekistani
UZB,fra,f,Ouzbèke
UZB,fra,m,Ouzbèke
ARG,eng,f,Argentine
ARG,eng,m,Argentine
ARG,fra,f,Argentine
ARG,fra,m,Argentin
KOR,eng,f,South Korean
KOR,eng,m,South Korean
KOR,fra,f,Sud-coréenne
KOR,fra,m,Sud-coréen
BLZ,eng,f,Belizean
BLZ,eng,m,Belizean
BLZ,fra,f,Bélizienne
BLZ,fra,m,Bélizien
REU,eng,f,Réunionese
REU,eng,m,Réunionese
REU,fra,f,Réunionnaise
REU,fra,m,Réunionnais
MEX,eng,f,Mexican
MEX,eng,m,Mexican
MEX,fra,f,Mexicaine
MEX,fra,m,Mexicain
VIR,eng,f,Virgin Islander
VIR,eng,m,Virgin Islander
VIR,fra,f,
VIR,fra,m,
SRB,eng,f,Serbian
SRB,eng,m,Serbian
SRB,fra,f,Serbe
SRB,fra,m,Serbe
UMI,eng,f,American Islander
UMI,eng,m,American Islander
UMI,fra,f,
UMI,fra,m,
CPV,eng,f,Cape Verdian
CPV,eng,m,Cape Verdian
CPV,fra,f,Cap-verdienne
CPV,fra,m,Cap-verdien
KHM,eng,f,Cambodian
KHM,eng,m,Cambodian
KHM,fra,f,Cambodgienne
KHM,fra,m,Cambodgien
ROU,eng,f,Romanian
ROU,eng,m,Romanian
ROU,fra,f,Roumaine
ROU,fra,m,Roumain
HUN,eng,f,Hungarian
HUN,eng,m,Hungarian
HUN,fra,f,Hongroise
HUN,fra,m,Hongrois
MHL,eng,f,Marshallese
MHL,eng,m,Marshallese
MHL,fra,f,Marshallaise
MHL,fra,m,Marshallais
SOM,eng,f,Somali
SOM,eng,m,Somali
SOM,fra,f,Somalienne
SOM,fra,m,Somalien
ALB,eng,f,Albanian
ALB,eng,m,Albanian
ALB,fra,f,Albanaise
ALB,fra,m,Albanais
PYF,eng,f,French Polynesian
PYF,eng,m,French Polynesian
PYF,fra,f,Polynésienne
PYF,fra,m,Polynésien
BDI,eng,f,Burundian
BDI,eng,m,Burundian
BDI,fra,f,Burundaise
BDI,fra,m,Burundais
CAF,eng,f,Central African
CAF,eng,m,Central African
CAF,fra,f,Centrafricaine
CAF,fra,m,Centrafricain
GUF,eng,f,Guianan
GUF,eng,m,Guianan
GUF,fra,f,Guyanaise
GUF,fra,m,Guyanais
ASM,eng,f,American Samoan
ASM,eng,m,American Samoan
ASM,fra,f,Samoane
ASM,fra,m,Samoan
LCA,eng,f,Saint Lucian
LCA,eng,m,Saint Lucian
LCA,fra,f,Saint-Lucienne
LCA,fra,m,Saint-Lucien
UGA,eng,f,Ugandan
UGA,eng,m,Ugandan
UGA,fra,f,Ougandaise
UGA,fra,m,Ougandais
HND,eng,f,Honduran
HND,eng,m,Honduran
HND,fra,f,Hondurienne
HND,fra,m,Hondurien
KAZ,eng,f,Kazakhstani
KAZ,eng,m,Kazakhstani
KAZ,fra,f,Kazakhstanaise
KAZ,fra,m,Kazakhstanais
KEN,eng,f,Kenyan
KEN,eng,m,Kenyan
KEN,fra,f,Kényane
KEN,fra,m,Kényan
WSM,eng,f,Samoan
WSM,eng,m,Samoan
WSM,fra,f,Samoane
WSM,fra,m,Samoan
NPL,eng,f,Nepalese
NPL,eng,m,Nepalese
NPL,fra,f,Népalaise
NPL,fra,m,Népalais
GNQ,eng,f,Equatorial Guinean
GNQ,eng,m,Equatorial Guinean
GNQ,fra,f,Équato-guinéenne
GNQ,fra,m,Équato-guinéen
LBN,eng,f,Lebanese
LBN,eng,m,Lebanese
LBN,fra,f,Libanaise
LBN,fra,m,Libanais
MUS,eng,f,Mauritian
MUS,eng,m,Mauritian
MUS,fra,f,Mauricienne
MUS,fra,m,Mauricien
LIE,eng,f,Liechtensteiner
LIE,eng,m,Liechtensteiner
LIE,fra,f,Liechtensteinoise
LIE,fra,m,Liechtensteinois
CYM,eng,f,Caymanian
CYM,eng,m,Caymanian
CYM,fra,f,Caïmanienne
CYM,fra,m,Caïmanien
AIA,eng,f,Anguillian
AIA,eng,m,Anguillian
AIA,fra,f,Anguillane
AIA,fra,m,Anguillan
GLP,eng,f,Guadeloupian
GLP,eng,m,Guadeloupian
GLP,fra,f,Guadeloupéenne
GLP,fra,m,Guadeloupéen
AUT,eng,f,Austrian
AUT,eng,m,Austrian
AUT,fra,f,Autrichienne
AUT,fra,m,Autrichien
NLD,eng,f,Dutch
NLD,eng,m,Dutch
NLD,fra,f,Néerlandaise
NLD,fra,m,Néerlandais
SJM,eng,f,Norwegian
SJM,eng,m,Norwegian
SJM,fra,f,
SJM,fra,m,
SGP,eng,f,Singaporean
SGP,eng,m,Singaporean
SGP,fra,f,Singapourienne
SGP,fra,m,Singapourien
LBR,eng,f,Liberian
LBR,eng,m,Liberian
LBR,fra,f,Libérienne
LBR,fra,m,Libérien
